time,tidal_peaks,type
2026-12-31T12:41:00+12:00,1.8983471507396101,H
2026-12-31T19:02:00+12:00,0.7694024683692617,L
2027-01-01T01:04:00+12:00,1.6990626276689975,H
2027-01-01T07:09:00+12:00,0.759276479444231,L
2027-01-01T13:38:00+12:00,1.8856205611248682,H
2027-01-01T20:04:00+12:00,0.7642803341688611,L
2027-01-02T02:12:00+12:00,1.6384067002678795,H
2027-01-02T08:07:00+12:00,0.8270271004940466,L
2027-01-02T14:32:00+12:00,1.87848382312621,H
2027-01-02T21:04:00+12:00,0.7447108209177432,L
2027-01-03T03:16:00+12:00,1.61013989016805,H
2027-01-03T09:03:00+12:00,0.8684006796988945,L
2027-01-03T15:22:00+12:00,1.8749768361303305,H
2027-01-03T22:01:00+12:00,0.7151653601649577,L
2027-01-04T04:14:00+12:00,1.607448499389911,H
2027-01-04T09:56:00+12:00,0.8856937574118762,L
2027-01-04T16:08:00+12:00,1.8737239986000458,H
2027-01-04T22:52:00+12:00,0.6818431936830007,L
2027-01-05T05:04:00+12:00,1.6203304099954483,H
2027-01-05T10:45:00+12:00,0.8859283145707002,L
2027-01-05T16:52:00+12:00,1.8743344704976739,H
2027-01-05T23:37:00+12:00,0.6504717341717412,L
2027-01-06T05:48:00+12:00,1.6409916895214551,H
2027-01-06T11:29:00+12:00,0.8774946748986321,L
2027-01-06T17:33:00+12:00,1.8763409024574678,H
2027-01-07T00:18:00+12:00,0.6250497053163329,L
2027-01-07T06:28:00+12:00,1.6643976628632904,H
2027-01-07T12:09:00+12:00,0.8678924244210822,L
2027-01-07T18:14:00+12:00,1.8782642618645213,H
2027-01-08T00:56:00+12:00,0.6080476244312586,L
2027-01-08T07:06:00+12:00,1.6873222569141177,H
2027-01-08T12:48:00+12:00,0.8625314850003992,L
2027-01-08T18:53:00+12:00,1.8775535485961155,H
2027-01-09T01:32:00+12:00,0.6009440194475213,L
2027-01-09T07:42:00+12:00,1.707859761930798,H
2027-01-09T13:26:00+12:00,0.863987954489455,L
2027-01-09T19:31:00+12:00,1.8711679767727774,H
2027-01-10T02:06:00+12:00,0.6044281200740315,L
2027-01-10T08:18:00+12:00,1.7253696130698695,H
2027-01-10T14:05:00+12:00,0.8718749912641722,L
2027-01-10T20:09:00+12:00,1.8563275393075314,H
2027-01-11T02:40:00+12:00,0.618501704158005,L
2027-01-11T08:54:00+12:00,1.7402857951126895,H
2027-01-11T14:45:00+12:00,0.883285182428215,L
2027-01-11T20:48:00+12:00,1.8311160984130632,H
2027-01-12T03:15:00+12:00,0.6424950099819737,L
2027-01-12T09:31:00+12:00,1.75372892675672,H
2027-01-12T15:29:00+12:00,0.8936453240150447,L
2027-01-12T21:28:00+12:00,1.794979038356784,H
2027-01-13T03:51:00+12:00,0.6750552175387741,L
2027-01-13T10:10:00+12:00,1.7671620576062472,H
2027-01-13T16:15:00+12:00,0.8976494725884882,L
2027-01-13T22:10:00+12:00,1.7493168551255551,H
2027-01-14T04:29:00+12:00,0.7139518704207207,L
2027-01-14T10:52:00+12:00,1.782332536891376,H
2027-01-14T17:06:00+12:00,0.8903812167188425,L
2027-01-14T22:57:00+12:00,1.6981901281734775,H
2027-01-15T05:11:00+12:00,0.7557616918706342,L
2027-01-15T11:39:00+12:00,1.801569528635239,H
2027-01-15T18:00:00+12:00,0.8683445885215253,L
2027-01-15T23:51:00+12:00,1.6493856376234788,H
2027-01-16T05:58:00+12:00,0.7953436381190192,L
2027-01-16T12:30:00+12:00,1.8281259931651694,H
2027-01-16T18:57:00+12:00,0.8296675219932694,L
2027-01-17T00:52:00+12:00,1.6151309584034095,H
2027-01-17T06:52:00+12:00,0.825306652144078,L
2027-01-17T13:25:00+12:00,1.8657356520856108,H
2027-01-17T19:58:00+12:00,0.7732695443234157,L
2027-01-18T02:00:00+12:00,1.6098919467280046,H
2027-01-18T07:52:00+12:00,0.8364116235246991,L
2027-01-18T14:22:00+12:00,1.9166590465398718,H
2027-01-18T21:00:00+12:00,0.6987189678147365,L
2027-01-19T03:08:00+12:00,1.641993770450186,H
2027-01-19T08:56:00+12:00,0.8210070594662957,L
2027-01-19T15:19:00+12:00,1.9791856679721647,H
2027-01-19T22:01:00+12:00,0.6088571624379392,L
2027-01-20T04:11:00+12:00,1.7066415252731841,H
2027-01-20T09:58:00+12:00,0.7793908957881862,L
2027-01-20T16:16:00+12:00,2.046751934863657,H
2027-01-20T22:59:00+12:00,0.5129018774994971,L
2027-01-21T05:09:00+12:00,1.7906250178159544,H
2027-01-21T10:58:00+12:00,0.7222031987465438,L
2027-01-21T17:11:00+12:00,2.108907111884778,H
2027-01-21T23:53:00+12:00,0.42543923165058595,L
2027-01-22T06:03:00+12:00,1.8787826039036288,H
2027-01-22T11:54:00+12:00,0.6654497346062556,L
2027-01-22T18:06:00+12:00,2.1532711387777144,H
2027-01-23T00:44:00+12:00,0.3624438199198887,L
2027-01-23T06:55:00+12:00,1.9565794090061983,H
2027-01-23T12:49:00+12:00,0.6240767154753127,L
2027-01-23T19:00:00+12:00,2.168016156879587,H
2027-01-24T01:34:00+12:00,0.3370329502314633,L
2027-01-24T07:45:00+12:00,2.011879418576749,H
2027-01-24T13:43:00+12:00,0.6075075852931602,L
2027-01-24T19:53:00+12:00,2.1449584573058242,H
2027-01-25T02:22:00+12:00,0.35597531210058586,L
2027-01-25T08:35:00+12:00,2.0370714359398145,H
2027-01-25T14:37:00+12:00,0.6174783773485,L
2027-01-25T20:46:00+12:00,2.0824097995985493,H
2027-01-26T03:10:00+12:00,0.4176903969889292,L
2027-01-26T09:24:00+12:00,2.030672961690312,H
2027-01-26T15:33:00+12:00,0.6484184213112412,L
2027-01-26T21:39:00+12:00,1.9866489178410742,H
2027-01-27T03:57:00+12:00,0.512446399716595,L
2027-01-27T10:14:00+12:00,1.9975548852597225,H
2027-01-27T16:30:00+12:00,0.6903356292610161,L
2027-01-27T22:33:00+12:00,1.8711185711797584,H
2027-01-28T04:46:00+12:00,0.6249792032236435,L
2027-01-28T11:05:00+12:00,1.9475144713557606,H
2027-01-28T17:29:00+12:00,0.7324867407046189,L
2027-01-28T23:31:00+12:00,1.7538284465727223,H
2027-01-29T05:37:00+12:00,0.7381075490676445,L
2027-01-29T12:00:00+12:00,1.8930270902972137,H
2027-01-29T18:29:00+12:00,0.7659252147765647,L
2027-01-30T00:33:00+12:00,1.6542131283700365,H
2027-01-30T06:31:00+12:00,0.8358385110568882,L
2027-01-30T12:57:00+12:00,1.8465965409686593,H
2027-01-30T19:30:00+12:00,0.7841638999549612,L
2027-01-31T01:42:00+12:00,1.5889466825295697,H
2027-01-31T07:30:00+12:00,0.9053959594565679,L
2027-01-31T13:56:00+12:00,1.8173199253613705,H
2027-01-31T20:33:00+12:00,0.783450469856395,L
2027-02-01T02:49:00+12:00,1.564061401168468,H
2027-02-01T08:32:00+12:00,0.9397914372626761,L
2027-02-01T14:52:00+12:00,1.8076602002428435,H
2027-02-01T21:33:00+12:00,0.7644608098258818,L
2027-02-02T03:49:00+12:00,1.571461473618465,H
2027-02-02T09:31:00+12:00,0.9417019983440644,L
2027-02-02T15:43:00+12:00,1.8143567485256613,H
2027-02-02T22:27:00+12:00,0.7331499087339042,L
2027-02-03T04:40:00+12:00,1.5986013630368014,H
2027-02-03T10:23:00+12:00,0.9224162308632493,L
2027-02-03T16:29:00+12:00,1.831935855013935,H
2027-02-03T23:13:00+12:00,0.697546876257168,L
2027-02-04T05:24:00+12:00,1.6361762034755847,H
2027-02-04T11:08:00+12:00,0.8944523692531727,L
2027-02-04T17:12:00+12:00,1.8544889438412144,H
2027-02-04T23:54:00+12:00,0.6641884513972394,L
2027-02-05T06:03:00+12:00,1.6784934920531005,H
2027-02-05T11:49:00+12:00,0.8665855999581229,L
2027-02-05T17:52:00+12:00,1.8761003967882264,H
2027-02-06T00:30:00+12:00,0.6374741029088401,L
2027-02-06T06:39:00+12:00,1.7217668540246918,H
2027-02-06T12:27:00+12:00,0.8433669397630259,L
2027-02-06T18:30:00+12:00,1.891319978808852,H
2027-02-07T01:04:00+12:00,0.6203284258980233,L
2027-02-07T07:13:00+12:00,1.763040346187174,H
2027-02-07T13:04:00+12:00,0.8261819941987922,L
2027-02-07T19:07:00+12:00,1.8957722406579538,H
2027-02-08T01:36:00+12:00,0.6146157362435056,L
2027-02-08T07:47:00+12:00,1.7997856130587555,H
2027-02-08T13:41:00+12:00,0.814531089253618,L
2027-02-08T19:44:00+12:00,1.8865260920137659,H
2027-02-09T02:08:00+12:00,0.6214418934020298,L
2027-02-09T08:20:00+12:00,1.829699398056841,H
2027-02-09T14:20:00+12:00,0.8072112971852856,L
2027-02-09T20:21:00+12:00,1.862161162589604,H
2027-02-10T02:41:00+12:00,0.6412697239060761,L
2027-02-10T08:55:00+12:00,1.8507081639163365,H
2027-02-10T15:01:00+12:00,0.8030042787259122,L
2027-02-10T21:01:00+12:00,1.822831224572207,H
2027-02-11T03:16:00+12:00,0.673745926814369,L
2027-02-11T09:32:00+12:00,1.8613639208337562,H
2027-02-11T15:46:00+12:00,0.8006419454163611,L
2027-02-11T21:43:00+12:00,1.7707853019231772,H
2027-02-12T03:54:00+12:00,0.7171062387768474,L
2027-02-12T10:13:00+12:00,1.861894631247328,H
2027-02-12T16:35:00+12:00,0.7981136196880114,L
2027-02-12T22:32:00+12:00,1.7113679238962058,H
2027-02-13T04:37:00+12:00,0.7673641263108033,L
2027-02-13T10:59:00+12:00,1.8557201101156302,H
2027-02-13T17:30:00+12:00,0.7918907578652409,L
2027-02-13T23:27:00+12:00,1.6545118648433472,H
2027-02-14T05:27:00+12:00,0.8174468402228134,L
2027-02-14T11:53:00+12:00,1.850894721050512,H
2027-02-14T18:29:00+12:00,0.7764333955259572,L
2027-02-15T00:32:00+12:00,1.6157966973989453,H
2027-02-15T06:25:00+12:00,0.8563849931232309,L
2027-02-15T12:55:00+12:00,1.859698675306239,H
2027-02-15T19:33:00+12:00,0.7443827725539255,L
2027-02-16T01:44:00+12:00,1.6131702496572387,H
2027-02-16T07:31:00+12:00,0.8701004864765783,L
2027-02-16T14:00:00+12:00,1.8928492084006112,H
2027-02-16T20:40:00+12:00,0.6890917255015399,L
2027-02-17T02:54:00+12:00,1.6552439893071522,H
2027-02-17T08:41:00+12:00,0.8472680878573797,L
2027-02-17T15:04:00+12:00,1.9504025674178895,H
2027-02-17T21:44:00+12:00,0.6117425661123105,L
2027-02-18T03:57:00+12:00,1.7334347597496822,H
2027-02-18T09:48:00+12:00,0.7896332174275673,L
2027-02-18T16:04:00+12:00,2.0201247813960514,H
2027-02-18T22:42:00+12:00,0.5254131100152071,L
2027-02-19T04:53:00+12:00,1.8305480761457418,H
2027-02-19T10:48:00+12:00,0.7135839727896636,L
2027-02-19T16:59:00+12:00,2.0844238358658944,H
2027-02-19T23:35:00+12:00,0.4489485286454131,L
2027-02-20T05:45:00+12:00,1.9287412769243688,H
2027-02-20T11:43:00+12:00,0.6395972557546598,L
2027-02-20T17:52:00+12:00,2.126395269430378,H
2027-02-21T00:24:00+12:00,0.3996597708434808,L
2027-02-21T06:34:00+12:00,2.011542348523129,H
2027-02-21T12:36:00+12:00,0.5842865959198378,L
2027-02-21T18:44:00+12:00,2.1334473097083766,H
2027-02-22T01:11:00+12:00,0.3894107853666908,L
2027-02-22T07:22:00+12:00,2.065383862131128,H
2027-02-22T13:27:00+12:00,0.5575784967174178,L
2027-02-22T19:35:00+12:00,2.0998051263053346,H
2027-02-23T01:56:00+12:00,0.42232569919533636,L
2027-02-23T08:08:00+12:00,2.081932700580974,H
2027-02-23T14:18:00+12:00,0.5618336351161584,L
2027-02-23T20:25:00+12:00,2.027895738179204,H
2027-02-24T02:41:00+12:00,0.49389393966414663,L
2027-02-24T08:54:00+12:00,2.0600354464489845,H
2027-02-24T15:10:00+12:00,0.5925293255846913,L
2027-02-24T21:16:00+12:00,1.927794881762753,H
2027-02-25T03:27:00+12:00,0.5921645186524978,L
2027-02-25T09:40:00+12:00,2.006083776198829,H
2027-02-25T16:02:00+12:00,0.6405018180734872,L
2027-02-25T22:09:00+12:00,1.8147134482723797,H
2027-02-26T04:14:00+12:00,0.7011832510470674,L
2027-02-26T10:28:00+12:00,1.9322792761699472,H
2027-02-26T16:57:00+12:00,0.6948423629516656,L
2027-02-26T23:04:00+12:00,1.7057567750928684,H
2027-02-27T05:03:00+12:00,0.8049421547002524,L
2027-02-27T11:19:00+12:00,1.8540327623342003,H
2027-02-27T17:54:00+12:00,0.7450500389625007,L
2027-02-28T00:05:00+12:00,1.61722969750611,H
2027-02-28T05:57:00+12:00,0.8901192420658585,L
2027-02-28T12:16:00+12:00,1.787494144166387,H
2027-02-28T18:53:00+12:00,0.7816719877506492,L
2027-03-01T01:11:00+12:00,1.5623935004015304,H
2027-03-01T06:57:00+12:00,0.9468184775057934,L
2027-03-01T13:17:00+12:00,1.746516139286398,H
2027-03-01T19:56:00+12:00,0.7969141236181037,L
2027-03-02T02:17:00+12:00,1.5464194538639748,H
2027-03-02T08:01:00+12:00,0.9692651265879917,L
2027-03-02T14:18:00+12:00,1.7366864520868825,H
2027-03-02T20:58:00+12:00,0.7879259927013162,L
2027-03-03T03:17:00+12:00,1.5627896869514066,H
2027-03-03T09:03:00+12:00,0.9595046714361208,L
2027-03-03T15:13:00+12:00,1.7522206859368064,H
2027-03-03T21:53:00+12:00,0.7604324092370486,L
2027-03-04T04:07:00+12:00,1.6003103949970137,H
2027-03-04T09:57:00+12:00,0.9284138697514881,L
2027-03-04T16:02:00+12:00,1.7820126300568888,H
2027-03-04T22:40:00+12:00,0.7248193547393883,L
2027-03-05T04:51:00+12:00,1.650079681139073,H
2027-03-05T10:44:00+12:00,0.8878373229849996,L
2027-03-05T16:45:00+12:00,1.815792761258829,H
2027-03-05T23:20:00+12:00,0.6897065967078628,L
2027-03-06T05:29:00+12:00,1.7061289989590624,H
2027-03-06T11:25:00+12:00,0.8448657141247379,L
2027-03-06T17:25:00+12:00,1.845892202882556,H
2027-03-06T23:55:00+12:00,0.6603458375467061,L
2027-03-07T06:05:00+12:00,1.7640179970415824,H
2027-03-07T12:03:00+12:00,0.8025748840293854,L
2027-03-07T18:03:00+12:00,1.8670790818571494,H
2027-03-08T00:28:00+12:00,0.6397269170381479,L
2027-03-08T06:38:00+12:00,1.819571105523605,H
2027-03-08T12:40:00+12:00,0.7625080300478181,L
2027-03-08T18:40:00+12:00,1.8759618670197105,H
2027-03-09T01:00:00+12:00,0.6298933818236099,L
2027-03-09T07:11:00+12:00,1.8682017492714835,H
2027-03-09T13:17:00+12:00,0.7266142684380993,L
2027-03-09T19:18:00+12:00,1.8703090301052434,H
2027-03-10T01:33:00+12:00,0.6328095983578441,L
2027-03-10T07:45:00+12:00,1.9048245819561187,H
2027-03-10T13:56:00+12:00,0.6980348620140023,L
2027-03-10T19:57:00+12:00,1.8487610569782038,H
2027-03-11T02:07:00+12:00,0.6502971324624062,L
2027-03-11T08:20:00+12:00,1.9246267677245,H
2027-03-11T14:37:00+12:00,0.6803709325144727,L
2027-03-11T20:39:00+12:00,1.8113217961528307,H
2027-03-12T02:45:00+12:00,0.6830014192392104,L
2027-03-12T08:59:00+12:00,1.9247835319539388,H
2027-03-12T15:22:00+12:00,0.6758099860661303,L
2027-03-12T21:25:00+12:00,1.760739162943931,H
2027-03-13T03:27:00+12:00,0.728893927610193,L
2027-03-13T09:43:00+12:00,1.9065071949691976,H
2027-03-13T16:13:00+12:00,0.682780298042716,L
2027-03-13T22:17:00+12:00,1.7042435722088287,H
2027-03-14T04:15:00+12:00,0.7820330160019088,L
2027-03-14T10:33:00+12:00,1.8768131004034796,H
2027-03-14T17:09:00+12:00,0.6946232581572885,L
2027-03-14T23:17:00+12:00,1.654936109400356,H
2027-03-15T05:11:00+12:00,0.8320042272247016,L
2027-03-15T11:32:00+12:00,1.8491246122588065,H
2027-03-15T18:11:00+12:00,0.7002762674917149,L
2027-03-16T00:25:00+12:00,1.6306527350917017,H
2027-03-16T06:14:00+12:00,0.8645584807524926,L
2027-03-16T12:38:00+12:00,1.840608559323739,H
2027-03-16T19:17:00+12:00,0.6875938875617963,L
2027-03-17T01:36:00+12:00,1.6464450242057551,H
2027-03-17T07:24:00+12:00,0.8653448547606677,L
2027-03-17T13:47:00+12:00,1.862756104469866,H
2027-03-17T20:25:00+12:00,0.6494421244076949,L
2027-03-18T02:42:00+12:00,1.703240455935873,H
2027-03-18T08:35:00+12:00,0.8272767345143653,L
2027-03-18T14:53:00+12:00,1.9109827167344422,H
2027-03-18T21:27:00+12:00,0.5911820602825602,L
2027-03-19T03:42:00+12:00,1.787707514440446,H
2027-03-19T09:40:00+12:00,0.7578343924155572,L
2027-03-19T15:52:00+12:00,1.967789646683108,H
2027-03-19T22:23:00+12:00,0.5293533630474442,L
2027-03-20T04:35:00+12:00,1.882192947755125,H
2027-03-20T10:39:00+12:00,0.6753913217153654,L
2027-03-20T16:47:00+12:00,2.014374022839354,H
2027-03-20T23:13:00+12:00,0.4816341999603351,L
2027-03-21T05:24:00+12:00,1.9699362202403647,H
2027-03-21T11:32:00+12:00,0.5984703720133485,L
2027-03-21T17:38:00+12:00,2.0368071599978745,H
2027-03-22T00:00:00+12:00,0.46087031246675525,L
2027-03-22T06:10:00+12:00,2.036333172194964,H
2027-03-22T12:22:00+12:00,0.5409792467894482,L
2027-03-22T18:28:00+12:00,2.027566607971356,H
2027-03-23T00:44:00+12:00,0.473537248909341,L
2027-03-23T06:55:00+12:00,2.0703430240728298,H
2027-03-23T13:11:00+12:00,0.5113789757759287,L
2027-03-23T19:17:00+12:00,1.985760416799632,H
2027-03-24T01:29:00+12:00,0.5193113446280462,L
2027-03-24T07:39:00+12:00,2.066552267544062,H
2027-03-24T13:59:00+12:00,0.5123094529566424,L
2027-03-24T20:06:00+12:00,1.9165964145034566,H
2027-03-25T02:13:00+12:00,0.5914432632524049,L
2027-03-25T08:23:00+12:00,2.0266710329218443,H
2027-03-25T14:47:00+12:00,0.5407673612391249,L
2027-03-25T20:56:00+12:00,1.8299282548639448,H
2027-03-26T02:58:00+12:00,0.6785790257177652,L
2027-03-26T09:07:00+12:00,1.9592068987459845,H
2027-03-26T15:36:00+12:00,0.5892206822809443,L
2027-03-26T21:46:00+12:00,1.7380555930982386,H
2027-03-27T03:44:00+12:00,0.7678344038236132,L
2027-03-27T09:53:00+12:00,1.877227331296088,H
2027-03-27T16:26:00+12:00,0.6475532711479828,L
2027-03-27T22:40:00+12:00,1.6535389686480557,H
2027-03-28T04:33:00+12:00,0.8478828631944098,L
2027-03-28T10:42:00+12:00,1.795342471987206,H
2027-03-28T17:19:00+12:00,0.7049705953133228,L
2027-03-28T23:37:00+12:00,1.5877650879863854,H
2027-03-29T05:27:00+12:00,0.9103986985566599,L
2027-03-29T11:37:00+12:00,1.727482647902957,H
2027-03-29T18:15:00+12:00,0.7511291859870081,L
2027-03-30T00:39:00+12:00,1.5499996910082066,H
2027-03-30T06:25:00+12:00,0.9497638522167451,L
2027-03-30T12:37:00+12:00,1.6850251857039862,H
2027-03-30T19:15:00+12:00,0.7772374748448334,L
2027-03-31T01:41:00+12:00,1.5446911304309834,H
2027-03-31T07:27:00+12:00,0.9623998931066137,L
2027-03-31T13:39:00+12:00,1.673108643279248,H
2027-03-31T20:15:00+12:00,0.7791362124883618,L
2027-04-01T02:38:00+12:00,1.5684646832875537,H
2027-04-01T08:29:00+12:00,0.9483149059836047,L
2027-04-01T14:36:00+12:00,1.6868523021517636,H
2027-04-01T21:09:00+12:00,0.7611822007777146,L
2027-04-02T03:27:00+12:00,1.6130748380377669,H
2027-04-02T09:24:00+12:00,0.9129053854771038,L
2027-04-02T15:27:00+12:00,1.7150333935553834,H
2027-04-02T21:56:00+12:00,0.7331644449061925,L
2027-04-03T04:10:00+12:00,1.6705866763462596,H
2027-04-03T10:12:00+12:00,0.8634025037357099,L
2027-04-03T16:12:00+12:00,1.7473959191926791,H
2027-04-03T22:36:00+12:00,0.7033275875510494,L
2027-04-04T04:48:00+12:00,1.7349590559297625,H
2027-04-04T10:54:00+12:00,0.8049381424610235,L
2027-04-04T16:53:00+12:00,1.7773301544953952,H
2027-04-04T23:12:00+12:00,0.6762959126646193,L
2027-04-05T05:24:00+12:00,1.801205265845366,H
2027-04-05T11:34:00+12:00,0.7411212956485271,L
2027-04-05T17:33:00+12:00,1.8010371992636545,H
2027-04-05T23:46:00+12:00,0.6547239314182117,L
2027-04-06T05:58:00+12:00,1.8640316897917888,H
2027-04-06T12:12:00+12:00,0.6762741492178026,L
2027-04-06T18:12:00+12:00,1.8158776486874455,H
2027-04-07T00:21:00+12:00,0.6413044430861157,L
2027-04-07T06:33:00+12:00,1.9170339553550204,H
2027-04-07T12:52:00+12:00,0.6167363169207716,L
2027-04-07T18:53:00+12:00,1.819192829514559,H
2027-04-08T00:57:00+12:00,0.6394978410898402,L
2027-04-08T07:10:00+12:00,1.9532203520990705,H
2027-04-08T13:33:00+12:00,0.570348554934871,L
2027-04-08T19:36:00+12:00,1.8084805166301972,H
2027-04-09T01:36:00+12:00,0.6526571488541316,L
2027-04-09T07:50:00+12:00,1.966892791640293,H
2027-04-09T14:17:00+12:00,0.5440464882086443,L
2027-04-09T20:22:00+12:00,1.782956391024971,H
2027-04-10T02:20:00+12:00,0.6818860211644,L
2027-04-10T08:34:00+12:00,1.9562496200613213,H
2027-04-10T15:05:00+12:00,0.540617636496374,L
2027-04-10T21:13:00+12:00,1.7458773307759745,H
2027-04-11T03:08:00+12:00,0.7239161064761777,L
2027-04-11T09:23:00+12:00,1.9253726813297263,H
2027-04-11T15:58:00+12:00,0.5562886824686947,L
2027-04-11T22:10:00+12:00,1.7063327449419112,H
2027-04-12T04:03:00+12:00,0.7701453200351516,L
2027-04-12T10:18:00+12:00,1.8845209295267435,H
2027-04-12T16:55:00+12:00,0.5808609899435074,L
2027-04-12T23:13:00+12:00,1.6786381927641418,H
2027-04-13T05:05:00+12:00,0.807707707946727,L
2027-04-13T11:20:00+12:00,1.8481107780788357,H
2027-04-13T17:58:00+12:00,0.6011305858666706,L
2027-04-14T00:19:00+12:00,1.6774504025554937,H
2027-04-14T06:11:00+12:00,0.8235574057935453,L
2027-04-14T12:27:00+12:00,1.8296819427586901,H
2027-04-14T19:02:00+12:00,0.6061447648653382,L
2027-04-15T01:26:00+12:00,1.7096564958644542,H
2027-04-15T07:20:00+12:00,0.8093082529584725,L
2027-04-15T13:35:00+12:00,1.8348187014765247,H
2027-04-15T20:06:00+12:00,0.5925625127922028,L
2027-04-16T02:27:00+12:00,1.7697939372842124,H
2027-04-16T08:28:00+12:00,0.7644253982172129,L
2027-04-16T14:39:00+12:00,1.8571112365679696,H
2027-04-16T21:06:00+12:00,0.5675470880590501,L
2027-04-17T03:22:00+12:00,1.8441548084540695,H
2027-04-17T09:30:00+12:00,0.6978613104038623,L
2027-04-17T15:38:00+12:00,1.8828633135035682,H
2027-04-17T21:59:00+12:00,0.5441633484067105,L
2027-04-18T04:12:00+12:00,1.91769477786735,H
2027-04-18T10:26:00+12:00,0.6239964863667256,L
2027-04-18T16:33:00+12:00,1.8995483800752582,H
2027-04-18T22:48:00+12:00,0.5336054076799503,L
2027-04-19T04:59:00+12:00,1.977433328564327,H
2027-04-19T11:18:00+12:00,0.5564856404444257,L
2027-04-19T17:24:00+12:00,1.8996623543570235,H
2027-04-19T23:34:00+12:00,0.5419914699320623,L
2027-04-20T05:44:00+12:00,2.013568874955858,H
2027-04-20T12:07:00+12:00,0.5059072428746938,L
2027-04-20T18:14:00+12:00,1.880561920490225,H
2027-04-21T00:18:00+12:00,0.5706406144916891,L
2027-04-21T06:28:00+12:00,2.0203765789858448,H
2027-04-21T12:54:00+12:00,0.4792005422342561,L
2027-04-21T19:02:00+12:00,1.8432905254550107,H
2027-04-22T01:02:00+12:00,0.6170269729604902,L
2027-04-22T07:11:00+12:00,1.997122559570717,H
2027-04-22T13:40:00+12:00,0.4791080766937462,L
2027-04-22T19:49:00+12:00,1.7915850864292544,H
2027-04-23T01:45:00+12:00,0.67569812201242,L
2027-04-23T07:54:00+12:00,1.9483628876797612,H
2027-04-23T14:25:00+12:00,0.5037708338395122,L
2027-04-23T20:37:00+12:00,1.7312225380745576,H
2027-04-24T02:30:00+12:00,0.7395784319044167,L
2027-04-24T08:38:00+12:00,1.8828606601661988,H
2027-04-24T15:10:00+12:00,0.5472048579438383,L
2027-04-24T21:25:00+12:00,1.6693177102909293,H
2027-04-25T03:16:00+12:00,0.8015832924838868,L
2027-04-25T09:23:00+12:00,1.811221334258363,H
2027-04-25T15:56:00+12:00,0.6008092380557263,L
2027-04-25T22:14:00+12:00,1.613547430238098,H
2027-04-26T04:05:00+12:00,0.8558652789347655,L
2027-04-26T10:10:00+12:00,1.7433882820778555,H
2027-04-26T16:44:00+12:00,0.6552768154759164,L
2027-04-26T23:07:00+12:00,1.5715428269670362,H
2027-04-27T04:57:00+12:00,0.8981104399900439,L
2027-04-27T11:01:00+12:00,1.6871101186357074,H
2027-04-27T17:35:00+12:00,0.7020573863286809,L
2027-04-28T00:02:00+12:00,1.5502346721160765,H
2027-04-28T05:52:00+12:00,0.9247951184402605,L
2027-04-28T11:55:00+12:00,1.6476502297516082,H
2027-04-28T18:29:00+12:00,0.7343964288834246,L
2027-04-29T00:59:00+12:00,1.55407698459006,H
2027-04-29T06:50:00+12:00,0.9324648936728601,L
2027-04-29T12:53:00+12:00,1.62769250527694,H
2027-04-29T19:24:00+12:00,0.7487635958469728,L
2027-04-30T01:52:00+12:00,1.5825278623028822,H
2027-04-30T07:47:00+12:00,0.918231270835,L
2027-04-30T13:49:00+12:00,1.626505121114365,H
2027-04-30T20:16:00+12:00,0.7464264704326656,L
2027-05-01T02:40:00+12:00,1.6303357489420705,H
2027-05-01T08:42:00+12:00,0.8815610354834527,L
2027-05-01T14:43:00+12:00,1.639803754223149,H
2027-05-01T21:03:00+12:00,0.7324188692312352,L
2027-05-02T03:23:00+12:00,1.6909094998721461,H
2027-05-02T09:32:00+12:00,0.8249235620798836,L
2027-05-02T15:32:00+12:00,1.6621232661171166,H
2027-05-02T21:45:00+12:00,0.7118529682017778,L
2027-05-03T04:02:00+12:00,1.75844712913121,H
2027-05-03T10:18:00+12:00,0.7526379697164328,L
2027-05-03T16:17:00+12:00,1.6891733776331888,H
2027-05-03T22:24:00+12:00,0.688244233150195,L
2027-05-04T04:39:00+12:00,1.8275598366379064,H
2027-05-04T11:01:00+12:00,0.6705147862794391,L
2027-05-04T17:01:00+12:00,1.7177467910481137,H
2027-05-04T23:03:00+12:00,0.6646050632407189,L
2027-05-05T05:17:00+12:00,1.8921441879349419,H
2027-05-05T11:43:00+12:00,0.5864248487366774,L
2027-05-05T17:45:00+12:00,1.744437526761331,H
2027-05-05T23:43:00+12:00,0.644913347086273,L
2027-05-06T05:57:00+12:00,1.945132881898668,H
2027-05-06T12:27:00+12:00,0.5101844852286528,L
2027-05-06T18:30:00+12:00,1.7649780462698228,H
2027-05-07T00:25:00+12:00,0.6341804505135696,L
2027-05-07T06:39:00+12:00,1.9797079000446853,H
2027-05-07T13:12:00+12:00,0.45195461627324196,L
2027-05-07T19:18:00+12:00,1.7751386793647281,H
2027-05-08T01:11:00+12:00,0.6368577550641668,L
2027-05-08T07:25:00+12:00,1.9914088320244994,H
2027-05-08T13:59:00+12:00,0.4192878269179451,L
2027-05-08T20:08:00+12:00,1.7729787351353412,H
2027-05-09T02:01:00+12:00,0.6543596813056222,L
2027-05-09T08:15:00+12:00,1.980070592145121,H
2027-05-09T14:50:00+12:00,0.41429429312996613,L
2027-05-09T21:03:00+12:00,1.761087214465957,H
2027-05-10T02:55:00+12:00,0.6829607344203811,L
2027-05-10T09:10:00+12:00,1.9502230188643135,H
2027-05-10T15:44:00+12:00,0.4325973940925498,L
2027-05-10T22:01:00+12:00,1.7471808275834455,H
2027-05-11T03:55:00+12:00,0.7138338762038723,L
2027-05-11T10:08:00+12:00,1.909677153718424,H
2027-05-11T16:42:00+12:00,0.4650114320094245,L
2027-05-11T23:02:00+12:00,1.7416618193630924,H
2027-05-12T04:59:00+12:00,0.7362087854939594,L
2027-05-12T11:09:00+12:00,1.8670145702191943,H
2027-05-12T17:41:00+12:00,0.5011440326440418,L
2027-05-13T00:05:00+12:00,1.7530465464826697,H
2027-05-13T06:04:00+12:00,0.7418516366136336,L
2027-05-13T12:13:00+12:00,1.8295105924254078,H
2027-05-13T18:42:00+12:00,0.5328467080158573,L
2027-05-14T01:07:00+12:00,1.783603468875798,H
2027-05-14T07:10:00+12:00,0.7267812032184254,L
2027-05-14T13:18:00+12:00,1.8019282349430727,H
2027-05-14T19:42:00+12:00,0.5565569055908431,L
2027-05-15T02:05:00+12:00,1.8279432571928407,H
2027-05-15T08:14:00+12:00,0.6914568085617956,L
2027-05-15T14:22:00+12:00,1.785052631827035,H
2027-05-15T20:39:00+12:00,0.5740769441898063,L
2027-05-16T02:58:00+12:00,1.8757193507281662,H
2027-05-16T09:15:00+12:00,0.6414473047259802,L
2027-05-16T15:23:00+12:00,1.7752363442092454,H
2027-05-16T21:33:00+12:00,0.5902128749409987,L
2027-05-17T03:48:00+12:00,1.916363338167362,H
2027-05-17T10:11:00+12:00,0.5859126710211569,L
2027-05-17T16:19:00+12:00,1.7671811536006365,H
2027-05-17T22:22:00+12:00,0.608986466854791,L
2027-05-18T04:34:00+12:00,1.9421925703344765,H
2027-05-18T11:03:00+12:00,0.5345329882629362,L
2027-05-18T17:11:00+12:00,1.7568385724568039,H
2027-05-18T23:09:00+12:00,0.6321276914497003,L
2027-05-19T05:19:00+12:00,1.9492855880354438,H
2027-05-19T11:52:00+12:00,0.49540470120280666,L
2027-05-19T18:00:00+12:00,1.7419195768912341,H
2027-05-19T23:54:00+12:00,0.6597278064331777,L
2027-05-20T06:03:00+12:00,1.9371831028624533,H
2027-05-20T12:38:00+12:00,0.47405659506378783,L
2027-05-20T18:47:00+12:00,1.7213481001679671,H
2027-05-21T00:38:00+12:00,0.6912988039638802,L
2027-05-21T06:46:00+12:00,1.9083298359562395,H
2027-05-21T13:22:00+12:00,0.47283479488012414,L
2027-05-21T19:32:00+12:00,1.695047817929213,H
2027-05-22T01:21:00+12:00,0.7261353163140913,L
2027-05-22T07:29:00+12:00,1.867277497277417,H
2027-05-22T14:04:00+12:00,0.4906310899134465,L
2027-05-22T20:16:00+12:00,1.6642969880924192,H
2027-05-23T02:05:00+12:00,0.7631344803592734,L
2027-05-23T08:12:00+12:00,1.8195541940925477,H
2027-05-23T14:46:00+12:00,0.5233406887158946,L
2027-05-23T21:00:00+12:00,1.6320181504100408,H
2027-05-24T02:49:00+12:00,0.8005627432157925,L
2027-05-24T08:56:00+12:00,1.7702493652943154,H
2027-05-24T15:28:00+12:00,0.5650747447814763,L
2027-05-24T21:45:00+12:00,1.6025692047030944,H
2027-05-25T03:36:00+12:00,0.8359100168261021,L
2027-05-25T09:40:00+12:00,1.7229105837038343,H
2027-05-25T16:11:00+12:00,0.6097440252564408,L
2027-05-25T22:32:00+12:00,1.5811262113684124,H
2027-05-26T04:24:00+12:00,0.8657815274746896,L
2027-05-26T10:25:00+12:00,1.6793659806132575,H
2027-05-26T16:55:00+12:00,0.6521102230820319,L
2027-05-26T23:21:00+12:00,1.5728801656549503,H
2027-05-27T05:15:00+12:00,0.8857850005445403,L
2027-05-27T11:13:00+12:00,1.6407140776424478,H
2027-05-27T17:41:00+12:00,0.6881018841050287,L
2027-05-28T00:11:00+12:00,1.5818654098039702,H
2027-05-28T06:08:00+12:00,0.8908844927801357,L
2027-05-28T12:04:00+12:00,1.6087752586909607,H
2027-05-28T18:29:00+12:00,0.7146965620070937,L
2027-05-29T01:01:00+12:00,1.6094435539631213,H
2027-05-29T07:02:00+12:00,0.8764091070116242,L
2027-05-29T12:58:00+12:00,1.586883995384317,H
2027-05-29T19:18:00+12:00,0.7299479289518996,L
2027-05-30T01:48:00+12:00,1.653706694286535,H
2027-05-30T07:56:00+12:00,0.8394761284281765,L
2027-05-30T13:54:00+12:00,1.5790038530930588,H
2027-05-30T20:05:00+12:00,0.7329990166551076,L
2027-05-31T02:32:00+12:00,1.710567946113396,H
2027-05-31T08:48:00+12:00,0.7802547156907289,L
2027-05-31T14:48:00+12:00,1.5874895661707558,H
2027-05-31T20:52:00+12:00,0.7240467897834911,L
2027-06-01T03:14:00+12:00,1.7752382452023157,H
2027-06-01T09:39:00+12:00,0.702371448344155,L
2027-06-01T15:41:00+12:00,1.6116883171285568,H
2027-06-01T21:38:00+12:00,0.7044163006381905,L
2027-06-02T03:57:00+12:00,1.8425770950865896,H
2027-06-02T10:27:00+12:00,0.6124846034188873,L
2027-06-02T16:31:00+12:00,1.6483678117530298,H
2027-06-02T22:25:00+12:00,0.6770109168451698,L
2027-06-03T04:40:00+12:00,1.9068401217000053,H
2027-06-03T11:15:00+12:00,0.5196309634042842,L
2027-06-03T17:20:00+12:00,1.692356516605693,H
2027-06-03T23:12:00+12:00,0.6467462554480462,L
2027-06-04T05:26:00+12:00,1.9618963788846369,H
2027-06-04T12:04:00+12:00,0.4342850629158186,L
2027-06-04T18:10:00+12:00,1.7371739448429062,H
2027-06-05T00:01:00+12:00,0.6201431150516674,L
2027-06-05T06:15:00+12:00,2.0020209373659723,H
2027-06-05T12:53:00+12:00,0.36688872415512863,L
2027-06-05T19:01:00+12:00,1.7762636119043707,H
2027-06-06T00:52:00+12:00,0.603602296240955,L
2027-06-06T07:06:00+12:00,2.0228488942724634,H
2027-06-06T13:43:00+12:00,0.32579801462035485,L
2027-06-06T19:54:00+12:00,1.8049200436074526,H
2027-06-07T01:46:00+12:00,0.600927553098342,L
2027-06-07T08:00:00+12:00,2.0218966076556395,H
2027-06-07T14:35:00+12:00,0.3153177172133814,L
2027-06-07T20:49:00+12:00,1.821863982807014,H
2027-06-08T02:43:00+12:00,0.6112618142095748,L
2027-06-08T08:56:00+12:00,1.9986140637006606,H
2027-06-08T15:28:00+12:00,0.3347706307159235,L
2027-06-08T21:45:00+12:00,1.8295206552102519,H
2027-06-09T03:43:00+12:00,0.6291392437236145,L
2027-06-09T09:54:00+12:00,1.954482443401441,H
2027-06-09T16:23:00+12:00,0.3788838875179873,L
2027-06-09T22:43:00+12:00,1.8327578813106622,H
2027-06-10T04:45:00+12:00,0.6469889185775989,L
2027-06-10T10:53:00+12:00,1.8937251189365132,H
2027-06-10T17:18:00+12:00,0.43930083510641693,L
2027-06-10T23:41:00+12:00,1.8368167188468028,H
2027-06-11T05:48:00+12:00,0.6580252549530606,L
2027-06-11T11:53:00+12:00,1.8242367943976798,H
2027-06-11T18:15:00+12:00,0.5063963778899626,L
2027-06-12T00:39:00+12:00,1.8449979496238127,H
2027-06-12T06:51:00+12:00,0.6575032514249726,L
2027-06-12T12:57:00+12:00,1.7572802366058837,H
2027-06-12T19:12:00+12:00,0.5710376392956403,L
2027-06-13T01:37:00+12:00,1.8570197218033013,H
2027-06-13T07:54:00+12:00,0.643266818524451,L
2027-06-13T14:02:00+12:00,1.7041920835029094,H
2027-06-13T20:10:00+12:00,0.6262599865256928,L
2027-06-14T02:31:00+12:00,1.8691888549109947,H
2027-06-14T08:55:00+12:00,0.616615774153909,L
2027-06-14T15:06:00+12:00,1.6704965070685363,H
2027-06-14T21:05:00+12:00,0.6685384945565328,L
2027-06-15T03:22:00+12:00,1.876948518563001,H
2027-06-15T09:53:00+12:00,0.5823640804782599,L
2027-06-15T16:05:00+12:00,1.6538095388262888,H
2027-06-15T21:58:00+12:00,0.697690446316835,L
2027-06-16T04:11:00+12:00,1.8775942133033157,H
2027-06-16T10:47:00+12:00,0.547340685773307,L
2027-06-16T16:58:00+12:00,1.6481286537569162,H
2027-06-16T22:47:00+12:00,0.7159152483995386,L
2027-06-17T04:57:00+12:00,1.8709554299649418,H
2027-06-17T11:36:00+12:00,0.5181486101463755,L
2027-06-17T17:47:00+12:00,1.6477450667942706,H
2027-06-17T23:34:00+12:00,0.726937484832793,L
2027-06-18T05:41:00+12:00,1.8583928247931252,H
2027-06-18T12:21:00+12:00,0.49951248194265685,L
2027-06-18T18:31:00+12:00,1.6484415301882211,H
2027-06-19T00:17:00+12:00,0.7353451714222753,L
2027-06-19T06:24:00+12:00,1.84143116187471,H
2027-06-19T13:03:00+12:00,0.4937546123327151,L
2027-06-19T19:13:00+12:00,1.6474757720844488,H
2027-06-20T01:00:00+12:00,0.7455382555253707,L
2027-06-20T07:06:00+12:00,1.8209778563528705,H
2027-06-20T13:42:00+12:00,0.5010392464498026,L
2027-06-20T19:53:00+12:00,1.6436398367234917,H
2027-06-21T01:41:00+12:00,0.7604061625177165,L
2027-06-21T07:48:00+12:00,1.7971481332144892,H
2027-06-21T14:21:00+12:00,0.5198641177550958,L
2027-06-21T20:33:00+12:00,1.6373932855412199,H
2027-06-22T02:22:00+12:00,0.7803801936737427,L
2027-06-22T08:28:00+12:00,1.76944236811708,H
2027-06-22T14:58:00+12:00,0.5477591370791138,L
2027-06-22T21:13:00+12:00,1.6306425921092749,H
2027-06-23T03:05:00+12:00,0.8032886344748844,L
2027-06-23T09:09:00+12:00,1.7370651403591753,H
2027-06-23T15:36:00+12:00,0.582004697445653,L
2027-06-23T21:53:00+12:00,1.6261736612910862,H
2027-06-24T03:49:00+12:00,0.8248989702103812,L
2027-06-24T09:50:00+12:00,1.6994906261050693,H
2027-06-24T16:15:00+12:00,0.6199900658298899,L
2027-06-24T22:36:00+12:00,1.627018508887315,H
2027-06-25T04:36:00+12:00,0.8397756927634752,L
2027-06-25T10:33:00+12:00,1.657330419072807,H
2027-06-25T16:55:00+12:00,0.658993515295515,L
2027-06-25T23:20:00+12:00,1.6360247841581326,H
2027-06-26T05:26:00+12:00,0.8423971786495772,L
2027-06-26T11:19:00+12:00,1.6134552671698046,H
2027-06-26T17:38:00+12:00,0.6957159382935578,L
2027-06-27T00:06:00+12:00,1.6555378840288923,H
2027-06-27T06:17:00+12:00,0.8283578766289467,L
2027-06-27T12:10:00+12:00,1.5738120945836855,H
2027-06-27T18:23:00+12:00,0.7259917498848929,L
2027-06-28T00:53:00+12:00,1.6870113977237386,H
2027-06-28T07:11:00+12:00,0.7951153846680195,L
2027-06-28T13:07:00+12:00,1.5472488582499604,H
2027-06-28T19:12:00+12:00,0.745017729846152,L
2027-06-29T01:42:00+12:00,1.7306549204810642,H
2027-06-29T08:06:00+12:00,0.7420455950894508,L
2027-06-29T14:07:00+12:00,1.5430056000289916,H
2027-06-29T20:05:00+12:00,0.7481689598908984,L
2027-06-30T02:31:00+12:00,1.7852412323489362,H
2027-06-30T09:01:00+12:00,0.6704315765813158,L
2027-06-30T15:07:00+12:00,1.5658678706593494,H
2027-06-30T20:59:00+12:00,0.7325102350223245,L
2027-07-01T03:21:00+12:00,1.8480567423686916,H
2027-07-01T09:57:00+12:00,0.5840705459852494,L
2027-07-01T16:05:00+12:00,1.6134509250216544,H
2027-07-01T21:54:00+12:00,0.6988024056888715,L
2027-07-02T04:11:00+12:00,1.9147835906852337,H
2027-07-02T10:51:00+12:00,0.49010773341529346,L
2027-07-02T16:59:00+12:00,1.6783424521737023,H
2027-07-02T22:48:00+12:00,0.6526409015288459,L
2027-07-03T05:03:00+12:00,1.9792672604589439,H
2027-07-03T11:44:00+12:00,0.3990150975389821,L
2027-07-03T17:52:00+12:00,1.7508309741943204,H
2027-07-03T23:42:00+12:00,0.6036241298845756,L
2027-07-04T05:56:00+12:00,2.0335703397366185,H
2027-07-04T12:35:00+12:00,0.32331993512305224,L
2027-07-04T18:44:00+12:00,1.8205300521073755,H
2027-07-05T00:37:00+12:00,0.5626475256651178,L
2027-07-05T06:50:00+12:00,2.068628514757477,H
2027-07-05T13:26:00+12:00,0.2752597569011954,L
2027-07-05T19:37:00+12:00,1.877873691518664,H
2027-07-06T01:32:00+12:00,0.5384277642656712,L
2027-07-06T07:45:00+12:00,2.075820653398154,H
2027-07-06T14:17:00+12:00,0.2637766735500332,L
2027-07-06T20:29:00+12:00,1.9158325348024299,H
2027-07-07T02:28:00+12:00,0.5345625541641548,L
2027-07-07T08:40:00+12:00,2.0493862594130086,H
2027-07-07T15:07:00+12:00,0.2918355875722316,L
2027-07-07T21:22:00+12:00,1.9313896902560934,H
2027-07-08T03:26:00+12:00,0.5485746468635682,L
2027-07-08T09:35:00+12:00,1.9890254681361892,H
2027-07-08T15:58:00+12:00,0.3553179580494077,L
2027-07-08T22:16:00+12:00,1.92612015444814,H
2027-07-09T04:25:00+12:00,0.5734764106392725,L
2027-07-09T10:31:00+12:00,1.901531691445754,H
2027-07-09T16:51:00+12:00,0.4437406473239486,L
2027-07-09T23:10:00+12:00,1.905575021683732,H
2027-07-10T05:26:00+12:00,0.6007545088766717,L
2027-07-10T11:31:00+12:00,1.8006613001511922,H
2027-07-10T17:45:00+12:00,0.542651561935507,L
2027-07-11T00:07:00+12:00,1.8776444697990975,H
2027-07-11T06:27:00+12:00,0.6227998182201459,L
2027-07-11T12:34:00+12:00,1.7049298517298206,H
2027-07-11T18:41:00+12:00,0.6365151902231122,L
2027-07-12T01:05:00+12:00,1.850232430980121,H
2027-07-12T07:30:00+12:00,0.6339429518123387,L
2027-07-12T13:41:00+12:00,1.6327109079329543,H
2027-07-12T19:40:00+12:00,0.7117203016673306,L
2027-07-13T02:02:00+12:00,1.8287998295148615,H
2027-07-13T08:32:00+12:00,0.6311748412282462,L
2027-07-13T14:48:00+12:00,1.5934432262312863,H
2027-07-13T20:39:00+12:00,0.7599058735355166,L
2027-07-14T02:57:00+12:00,1.8150605986168702,H
2027-07-14T09:33:00+12:00,0.6153001694336063,L
2027-07-14T15:49:00+12:00,1.5828260994585472,H
2027-07-14T21:36:00+12:00,0.7807215978292094,L
2027-07-15T03:48:00+12:00,1.8082979271189532,H
2027-07-15T10:28:00+12:00,0.5913438227069658,L
2027-07-15T16:42:00+12:00,1.590336481433197,H
2027-07-15T22:28:00+12:00,0.7809571419938741,L
2027-07-16T04:36:00+12:00,1.8071356483094196,H
2027-07-16T11:18:00+12:00,0.5661323938620384,L
2027-07-16T17:29:00+12:00,1.6071589195501108,H
2027-07-16T23:16:00+12:00,0.7703083930384487,L
2027-07-17T05:21:00+12:00,1.80971068454406,H
2027-07-17T12:02:00+12:00,0.5452568990545873,L
2027-07-17T18:11:00+12:00,1.6277516241058745,H
2027-07-17T23:58:00+12:00,0.7576402694048232,L
2027-07-18T06:03:00+12:00,1.8131855080407333,H
2027-07-18T12:41:00+12:00,0.532173975889447,L
2027-07-18T18:50:00+12:00,1.6486124686474835,H
2027-07-19T00:38:00+12:00,0.7492315772016209,L
2027-07-19T06:43:00+12:00,1.8138217587075784,H
2027-07-19T13:18:00+12:00,0.5288827469212717,L
2027-07-19T19:26:00+12:00,1.6673273660833337,H
2027-07-20T01:17:00+12:00,0.7481321686971156,L
2027-07-20T07:22:00+12:00,1.8078083307247612,H
2027-07-20T13:52:00+12:00,0.5363108148720319,L
2027-07-20T20:02:00+12:00,1.682446307033818,H
2027-07-21T01:55:00+12:00,0.7542353060400939,L
2027-07-21T08:00:00+12:00,1.792180741856098,H
2027-07-21T14:26:00+12:00,0.5544393286727101,L
2027-07-21T20:38:00+12:00,1.6935152726475766,H
2027-07-22T02:34:00+12:00,0.7649924005942197,L
2027-07-22T08:37:00+12:00,1.7653882171092135,H
2027-07-22T15:00:00+12:00,0.5824160810848611,L
2027-07-22T21:14:00+12:00,1.700868264591532,H
2027-07-23T03:15:00+12:00,0.7765927027846796,L
2027-07-23T09:16:00+12:00,1.727428059898403,H
2027-07-23T15:35:00+12:00,0.6186529470785571,L
2027-07-23T21:52:00+12:00,1.7054143097488663,H
2027-07-24T03:59:00+12:00,0.7849837065796132,L
2027-07-24T09:56:00+12:00,1.6801015522834832,H
2027-07-24T16:12:00+12:00,0.660677948268459,L
2027-07-24T22:32:00+12:00,1.7087509866494937,H
2027-07-25T04:46:00+12:00,0.7864642348788007,L
2027-07-25T10:41:00+12:00,1.627541047037481,H
2027-07-25T16:53:00+12:00,0.7047573336616837,L
2027-07-25T23:15:00+12:00,1.7136371347088408,H
2027-07-26T05:37:00+12:00,0.7778515199423097,L
2027-07-26T11:32:00+12:00,1.5771534570277237,H
2027-07-26T17:38:00+12:00,0.7454885658270276,L
2027-07-27T00:04:00+12:00,1.7245331721711856,H
2027-07-27T06:31:00+12:00,0.756254950714196,L
2027-07-27T12:30:00+12:00,1.540383641512858,H
2027-07-27T18:30:00+12:00,0.7755932776759137,L
2027-07-28T00:58:00+12:00,1.747444858663464,H
2027-07-28T07:30:00+12:00,0.7183906155852398,L
2027-07-28T13:36:00+12:00,1.5312031100052215,H
2027-07-28T19:28:00+12:00,0.7863576186453439,L
2027-07-29T01:55:00+12:00,1.787960015598426,H
2027-07-29T08:31:00+12:00,0.6606773299024138,L
2027-07-29T14:42:00+12:00,1.559140732661104,H
2027-07-29T20:30:00+12:00,0.770043619149554,L
2027-07-30T02:54:00+12:00,1.8476164353346876,H
2027-07-30T09:32:00+12:00,0.5822481943178399,L
2027-07-30T15:44:00+12:00,1.6220228643169834,H
2027-07-30T21:32:00+12:00,0.7249294002691141,L
2027-07-31T03:51:00+12:00,1.9213542025555792,H
2027-07-31T10:31:00+12:00,0.4895730226377535,L
2027-07-31T16:41:00+12:00,1.7088088359694413,H
2027-07-31T22:32:00+12:00,0.6589257923503138,L
2027-08-01T04:46:00+12:00,1.9981745162621296,H
2027-08-01T11:25:00+12:00,0.39659524709453275,L
2027-08-01T17:34:00+12:00,1.8054257500957274,H
2027-08-01T23:28:00+12:00,0.5868739331278447,L
2027-08-02T05:40:00+12:00,2.063627787025341,H
2027-08-02T12:16:00+12:00,0.32047726827045464,L
2027-08-02T18:25:00+12:00,1.8970291249659506,H
2027-08-03T00:23:00+12:00,0.5247875727903875,L
2027-08-03T06:34:00+12:00,2.1029289303176615,H
2027-08-03T13:05:00+12:00,0.2770586618509544,L
2027-08-03T19:15:00+12:00,1.9695277750526528,H
2027-08-04T01:16:00+12:00,0.4851953903693036,L
2027-08-04T07:27:00+12:00,2.104450471154672,H
2027-08-04T13:53:00+12:00,0.276916505526687,L
2027-08-04T20:05:00+12:00,2.0118898323673555,H
2027-08-05T02:10:00+12:00,0.47423451328387645,L
2027-08-05T08:20:00+12:00,2.0631645231754767,H
2027-08-05T14:42:00+12:00,0.3223350707251438,L
2027-08-05T20:55:00+12:00,2.0186441446539525,H
2027-08-06T03:05:00+12:00,0.4906366886830942,L
2027-08-06T09:14:00+12:00,1.9827068036708582,H
2027-08-06T15:31:00+12:00,0.40637385647098667,L
2027-08-06T21:45:00+12:00,1.9914364269769067,H
2027-08-07T04:02:00+12:00,0.5271340626780581,L
2027-08-07T10:09:00+12:00,1.8752854049906542,H
2027-08-07T16:21:00+12:00,0.5145102085232595,L
2027-08-07T22:37:00+12:00,1.938742298741324,H
2027-08-08T05:00:00+12:00,0.57341718794051,L
2027-08-08T11:07:00+12:00,1.7593815527594245,H
2027-08-08T17:14:00+12:00,0.6283117997131897,L
2027-08-08T23:32:00+12:00,1.8740565945121637,H
2027-08-09T06:00:00+12:00,0.6189083144334769,L
2027-08-09T12:10:00+12:00,1.6563132984134503,H
2027-08-09T18:10:00+12:00,0.7293995646100808,L
2027-08-10T00:30:00+12:00,1.813049577005472,H
2027-08-10T07:02:00+12:00,0.6540871783651296,L
2027-08-10T13:19:00+12:00,1.5852971650111072,H
2027-08-10T19:11:00+12:00,0.8027614237996754,L
2027-08-11T01:31:00+12:00,1.769378634632477,H
2027-08-11T08:06:00+12:00,0.6714074392916511,L
2027-08-11T14:27:00+12:00,1.5545299745731869,H
2027-08-11T20:14:00+12:00,0.840110752251439,L
2027-08-12T02:31:00+12:00,1.7492614065035572,H
2027-08-12T09:09:00+12:00,0.6681188188994232,L
2027-08-12T15:28:00+12:00,1.5565673518993686,H
2027-08-12T21:15:00+12:00,0.8436134661346486,L
2027-08-13T03:26:00+12:00,1.749935013985688,H
2027-08-13T10:06:00+12:00,0.6490428068009969,L
2027-08-13T16:20:00+12:00,1.5785313298226384,H
2027-08-13T22:09:00+12:00,0.8248419308197419,L
2027-08-14T04:15:00+12:00,1.7642729846705547,H
2027-08-14T10:54:00+12:00,0.6232688370466553,L
2027-08-14T17:05:00+12:00,1.6110068571347917,H
2027-08-14T22:56:00+12:00,0.7970142991148337,L
2027-08-15T04:59:00+12:00,1.784696624266573,H
2027-08-15T11:36:00+12:00,0.5985688723860778,L
2027-08-15T17:44:00+12:00,1.64835031627802,H
2027-08-15T23:37:00+12:00,0.769372408038211,L
2027-08-16T05:40:00+12:00,1.8043008747738343,H
2027-08-16T12:13:00+12:00,0.5800046519044928,L
2027-08-16T18:21:00+12:00,1.686524192269046,H
2027-08-17T00:16:00+12:00,0.7466893732570297,L
2027-08-17T06:18:00+12:00,1.8172121167171358,H
2027-08-17T12:47:00+12:00,0.5707817477194473,L
2027-08-17T18:55:00+12:00,1.721994594057134,H
2027-08-18T00:52:00+12:00,0.7304961422786247,L
2027-08-18T06:55:00+12:00,1.819134012445537,H
2027-08-18T13:19:00+12:00,0.5727539499809624,L
2027-08-18T19:28:00+12:00,1.7516833406036656,H
2027-08-19T01:29:00+12:00,0.7203987382454239,L
2027-08-19T07:31:00+12:00,1.8076750103775772,H
2027-08-19T13:51:00+12:00,0.5865886737617313,L
2027-08-19T20:01:00+12:00,1.7732354343808827,H
2027-08-20T02:06:00+12:00,0.7152766839053236,L
2027-08-20T08:07:00+12:00,1.7822180861938435,H
2027-08-20T14:23:00+12:00,0.6119899627907076,L
2027-08-20T20:35:00+12:00,1.7850765700597173,H
2027-08-21T02:45:00+12:00,0.7142113825075154,L
2027-08-21T08:45:00+12:00,1.7436216666772921,H
2027-08-21T14:57:00+12:00,0.6478430920111077,L
2027-08-21T21:11:00+12:00,1.786573682640875,H
2027-08-22T03:27:00+12:00,0.7165545264140297,L
2027-08-22T09:26:00+12:00,1.6943057324165807,H
2027-08-22T15:34:00+12:00,0.691923386830364,L
2027-08-22T21:50:00+12:00,1.7786958380980782,H
2027-08-23T04:13:00+12:00,0.7210717283758612,L
2027-08-23T10:12:00+12:00,1.6391143061724853,H
2027-08-23T16:16:00+12:00,0.7402060522010427,L
2027-08-23T22:34:00+12:00,1.765178820458115,H
2027-08-24T05:04:00+12:00,0.7246015922901086,L
2027-08-24T11:05:00+12:00,1.5868923176759897,H
2027-08-24T17:05:00+12:00,0.7859947072157224,L
2027-08-24T23:26:00+12:00,1.7538884221429882,H
2027-08-25T06:01:00+12:00,0.7210709864994588,L
2027-08-25T12:07:00+12:00,1.5519088808375625,H
2027-08-25T18:01:00+12:00,0.8192480636767783,L
2027-08-26T00:26:00+12:00,1.7569480777989424,H
2027-08-26T07:03:00+12:00,0.701750062015916,L
2027-08-26T13:17:00+12:00,1.5513357452016434,H
2027-08-26T19:05:00+12:00,0.8276142468172647,L
2027-08-27T01:31:00+12:00,1.7863627737779948,H
2027-08-27T08:09:00+12:00,0.6579650282464085,L
2027-08-27T14:25:00+12:00,1.5946309727952306,H
2027-08-27T20:13:00+12:00,0.8011517064814484,L
2027-08-28T02:36:00+12:00,1.8449259855203612,H
2027-08-28T09:13:00+12:00,0.5879217147341755,L
2027-08-28T15:27:00+12:00,1.6754260867408004,H
2027-08-28T21:19:00+12:00,0.7398064206286169,L
2027-08-29T03:36:00+12:00,1.9221449134520219,H
2027-08-29T10:12:00+12:00,0.502422505951255,L
2027-08-29T16:23:00+12:00,1.7781589905764585,H
2027-08-29T22:20:00+12:00,0.6561660515522407,L
2027-08-30T04:32:00+12:00,2.0000570824126607,H
2027-08-30T11:04:00+12:00,0.42021893396461607,L
2027-08-30T17:14:00+12:00,1.8855010194464437,H
2027-08-30T23:15:00+12:00,0.5688588246594705,L
2027-08-31T05:25:00+12:00,2.060222515698892,H
2027-08-31T11:54:00+12:00,0.36015888227557746,L
2027-08-31T18:03:00+12:00,1.9803287097600195,H
2027-09-01T00:08:00+12:00,0.4954441553614355,L
2027-09-01T06:17:00+12:00,2.0877859074893106,H
2027-09-01T12:41:00+12:00,0.33670515947355695,L
2027-09-01T18:51:00+12:00,2.047260295359476,H
2027-09-02T01:00:00+12:00,0.44898925007166246,L
2027-09-02T07:09:00+12:00,2.0741890575491744,H
2027-09-02T13:27:00+12:00,0.35716711523888756,L
2027-09-02T19:38:00+12:00,2.0752680469083487,H
2027-09-03T01:51:00+12:00,0.43616127046963626,L
2027-09-03T08:00:00+12:00,2.018992640574471,H
2027-09-03T14:14:00+12:00,0.4199077880793157,L
2027-09-03T20:25:00+12:00,2.0604008559323868,H
2027-09-04T02:43:00+12:00,0.45646032883573917,L
2027-09-04T08:52:00+12:00,1.9300651200144479,H
2027-09-04T15:02:00+12:00,0.5145295737296305,L
2027-09-04T21:13:00+12:00,2.0072010813081453,H
2027-09-05T03:37:00+12:00,0.5029736870049896,L
2027-09-05T09:46:00+12:00,1.8220300460472032,H
2027-09-05T15:51:00+12:00,0.6245325084342116,L
2027-09-05T22:03:00+12:00,1.9278473231019264,H
2027-09-06T04:32:00+12:00,0.564612169880922,L
2027-09-06T10:44:00+12:00,1.7132916809646748,H
2027-09-06T16:44:00+12:00,0.7315322907333404,L
2027-09-06T22:57:00+12:00,1.8395162620014938,H
2027-09-07T05:30:00+12:00,0.6285669661112648,L
2027-09-07T11:47:00+12:00,1.6227838798953098,H
2027-09-07T17:42:00+12:00,0.8191897264294061,L
2027-09-07T23:55:00+12:00,1.7610883872953962,H
2027-09-08T06:30:00+12:00,0.6821268279387604,L
2027-09-08T12:54:00+12:00,1.5661832512732063,H
2027-09-08T18:44:00+12:00,0.8758550336415343,L
2027-09-09T00:58:00+12:00,1.708949989616147,H
2027-09-09T07:34:00+12:00,0.7143568623968739,L
2027-09-09T14:01:00+12:00,1.5490907197714303,H
2027-09-09T19:48:00+12:00,0.8965563865515798,L
2027-09-10T02:01:00+12:00,1.6904703425422198,H
2027-09-10T08:37:00+12:00,0.7202328508281145,L
2027-09-10T14:59:00+12:00,1.5638499426792039,H
2027-09-10T20:50:00+12:00,0.8855019484622356,L
2027-09-11T02:58:00+12:00,1.7000157395894908,H
2027-09-11T09:34:00+12:00,0.7050616353607886,L
2027-09-11T15:49:00+12:00,1.5984810153139162,H
2027-09-11T21:44:00+12:00,0.8545611790950179,L
2027-09-12T03:48:00+12:00,1.72532524879063,H
2027-09-12T10:21:00+12:00,0.6801968184850915,L
2027-09-12T16:32:00+12:00,1.6438635711205043,H
2027-09-12T22:31:00+12:00,0.8154745676412607,L
2027-09-13T04:32:00+12:00,1.7550980619334404,H
2027-09-13T11:02:00+12:00,0.6552448977145708,L
2027-09-13T17:10:00+12:00,1.6937975158701761,H
2027-09-13T23:12:00+12:00,0.7752372244494289,L
2027-09-14T05:13:00+12:00,1.7812331458120032,H
2027-09-14T11:37:00+12:00,0.636033336080578,L
2027-09-14T17:45:00+12:00,1.7434529828484893,H
2027-09-14T23:50:00+12:00,0.7369530450658369,L
2027-09-15T05:50:00+12:00,1.798607360245589,H
2027-09-15T12:10:00+12:00,0.6256157693794279,L
2027-09-15T18:18:00+12:00,1.7885628987557298,H
2027-09-16T00:26:00+12:00,0.7019984546183019,L
2027-09-16T06:27:00+12:00,1.8044474200105036,H
2027-09-16T12:41:00+12:00,0.6254120671759384,L
2027-09-16T18:51:00+12:00,1.8252666095176178,H
2027-09-17T01:02:00+12:00,0.6717439325335688,L
2027-09-17T07:03:00+12:00,1.7975551331455084,H
2027-09-17T13:13:00+12:00,0.6361220175628113,L
2027-09-17T19:24:00+12:00,1.8500798936252416,H
2027-09-18T01:39:00+12:00,0.6484871304241849,L
2027-09-18T07:41:00+12:00,1.7775742609891214,H
2027-09-18T13:46:00+12:00,0.6582418047551394,L
2027-09-18T19:58:00+12:00,1.8601629037420617,H
2027-09-19T02:18:00+12:00,0.6352998206252124,L
2027-09-19T08:20:00+12:00,1.7448906518496812,H
2027-09-19T14:22:00+12:00,0.691751335715941,L
2027-09-19T20:35:00+12:00,1.8540958544090085,H
2027-09-20T03:00:00+12:00,0.6345985360422988,L
2027-09-20T09:04:00+12:00,1.7015309682026445,H
2027-09-20T15:03:00+12:00,0.7349951271138412,L
2027-09-20T21:17:00+12:00,1.833350283819153,H
2027-09-21T03:47:00+12:00,0.645860343364567,L
2027-09-21T09:53:00+12:00,1.6530384084684282,H
2027-09-21T15:49:00+12:00,0.7831814737960582,L
2027-09-21T22:05:00+12:00,1.8038396712552118,H
2027-09-22T04:40:00+12:00,0.6636020219085896,L
2027-09-22T10:50:00+12:00,1.6105919740357102,H
2027-09-22T16:44:00+12:00,0.8270552651157593,L
2027-09-22T23:01:00+12:00,1.7769083451140784,H
2027-09-23T05:39:00+12:00,0.6771784836452296,L
2027-09-23T11:56:00+12:00,1.591087840333582,H
2027-09-23T17:47:00+12:00,0.8532152551678625,L
2027-09-24T00:06:00+12:00,1.7678355299681645,H
2027-09-24T06:44:00+12:00,0.6737283044205781,L
2027-09-24T13:05:00+12:00,1.6104130500494485,H
2027-09-24T18:55:00+12:00,0.8483952592547495,L
2027-09-25T01:15:00+12:00,1.7886207380653527,H
2027-09-25T07:50:00+12:00,0.6442134162121744,L
2027-09-25T14:11:00+12:00,1.6715089916082986,H
2027-09-25T20:04:00+12:00,0.8063836675866349,L
2027-09-26T02:21:00+12:00,1.8382117621005298,H
2027-09-26T08:53:00+12:00,0.5907698458875597,L
2027-09-26T15:10:00+12:00,1.7624090488680815,H
2027-09-26T21:09:00+12:00,0.7325007205012718,L
2027-09-27T03:22:00+12:00,1.9019542828862945,H
2027-09-27T09:50:00+12:00,0.5279233654748657,L
2027-09-27T16:03:00+12:00,1.8654916994575919,H
2027-09-27T22:08:00+12:00,0.6418071377844976,L
2027-09-28T04:18:00+12:00,1.9611521445594475,H
2027-09-28T10:41:00+12:00,0.47402780350796414,L
2027-09-28T16:51:00+12:00,1.9632827438233185,H
2027-09-28T23:02:00+12:00,0.5519434468085468,L
2027-09-29T05:10:00+12:00,2.000365057854425,H
2027-09-29T11:29:00+12:00,0.4439706188640452,L
2027-09-29T17:38:00+12:00,2.040020978109288,H
2027-09-29T23:54:00+12:00,0.4783892348252521,L
2027-09-30T06:01:00+12:00,2.009785172216359,H
2027-09-30T12:14:00+12:00,0.44672621791107503,L
2027-09-30T18:24:00+12:00,2.083161711725995,H
2027-10-01T00:43:00+12:00,0.4327090222569827,L
2027-10-01T06:52:00+12:00,1.985799247285013,H
2027-10-01T13:00:00+12:00,0.48452737850386896,L
2027-10-01T19:10:00+12:00,2.085601580386662,H
2027-10-02T01:33:00+12:00,0.4212357610826858,L
2027-10-02T07:42:00+12:00,1.9309328766932818,H
2027-10-02T13:46:00+12:00,0.5526472591834617,L
2027-10-02T19:56:00+12:00,2.0475952461998963,H
2027-10-03T02:22:00+12:00,0.4440267681378003,L
2027-10-03T08:33:00+12:00,1.8532024635895947,H
2027-10-03T14:33:00+12:00,0.6404205400760872,L
2027-10-03T20:42:00+12:00,1.9770698995412173,H
2027-10-04T03:12:00+12:00,0.49495058763880495,L
2027-10-04T09:26:00+12:00,1.7646600097158047,H
2027-10-04T15:23:00+12:00,0.733837343752977,L
2027-10-04T21:31:00+12:00,1.887827623341385,H
2027-10-05T04:04:00+12:00,0.5631420840550981,L
2027-10-05T10:21:00+12:00,1.6793816197666207,H
2027-10-05T16:16:00+12:00,0.8188539940674493,L
2027-10-05T22:23:00+12:00,1.7962939551829327,H
2027-10-06T04:57:00+12:00,0.635393552640695,L
2027-10-06T11:20:00+12:00,1.6113754299814573,H
2027-10-06T17:13:00+12:00,0.8841718407471066,L
2027-10-06T23:19:00+12:00,1.7182591472777462,H
2027-10-07T05:54:00+12:00,0.6984881481420356,L
2027-10-07T12:23:00+12:00,1.5722243656442965,H
2027-10-07T18:14:00+12:00,0.9227140156888484,L
2027-10-08T00:19:00+12:00,1.6660596285464917,H
2027-10-08T06:54:00+12:00,0.7413485148358565,L
2027-10-08T13:25:00+12:00,1.5669895407498962,H
2027-10-08T19:17:00+12:00,0.9320829209576916,L
2027-10-09T01:22:00+12:00,1.6452568086549209,H
2027-10-09T07:54:00+12:00,0.7583275372021715,L
2027-10-09T14:22:00+12:00,1.5911147830265335,H
2027-10-09T20:17:00+12:00,0.9150664946226079,L
2027-10-10T02:21:00+12:00,1.6515999693313832,H
2027-10-10T08:50:00+12:00,0.7530916311539455,L
2027-10-10T15:11:00+12:00,1.6347067342783315,H
2027-10-10T21:12:00+12:00,0.8788981260465033,L
2027-10-11T03:13:00+12:00,1.6740209118188067,H
2027-10-11T09:37:00+12:00,0.73599216574632,L
2027-10-11T15:53:00+12:00,1.688507823951877,H
2027-10-11T21:59:00+12:00,0.8312769384731298,L
2027-10-12T03:59:00+12:00,1.701740015626092,H
2027-10-12T10:18:00+12:00,0.7164885374555277,L
2027-10-12T16:30:00+12:00,1.7455684793353923,H
2027-10-12T22:42:00+12:00,0.7775127464499489,L
2027-10-13T04:41:00+12:00,1.7277234397189258,H
2027-10-13T10:54:00+12:00,0.6999556800111524,L
2027-10-13T17:05:00+12:00,1.8007824950483204,H
2027-10-13T23:21:00+12:00,0.721011857589337,L
2027-10-14T05:20:00+12:00,1.7483779239116428,H
2027-10-14T11:28:00+12:00,0.6886893233224821,L
2027-10-14T17:38:00+12:00,1.850014831108478,H
2027-10-14T23:58:00+12:00,0.6650386010540658,L
2027-10-15T05:59:00+12:00,1.7620141260833053,H
2027-10-15T12:02:00+12:00,0.6839147341573443,L
2027-10-15T18:12:00+12:00,1.8893195455669902,H
2027-10-16T00:35:00+12:00,0.6140452913850779,L
2027-10-16T06:38:00+12:00,1.7672962753451151,H
2027-10-16T12:36:00+12:00,0.6872535739220005,L
2027-10-16T18:47:00+12:00,1.914656722341381,H
2027-10-17T01:14:00+12:00,0.5738400686512926,L
2027-10-17T07:18:00+12:00,1.762595699930316,H
2027-10-17T13:13:00+12:00,0.7009946015179871,L
2027-10-17T19:25:00+12:00,1.9225410084601773,H
2027-10-18T01:55:00+12:00,0.5503541408251933,L
2027-10-18T08:01:00+12:00,1.7466661893882913,H
2027-10-18T13:54:00+12:00,0.7267849535145541,L
2027-10-18T20:07:00+12:00,1.9116211413652398,H
2027-10-19T02:40:00+12:00,0.5470680144084417,L
2027-10-19T08:48:00+12:00,1.7207633122200723,H
2027-10-19T14:40:00+12:00,0.7633953484622803,L
2027-10-19T20:54:00+12:00,1.8844850716245216,H
2027-10-20T03:29:00+12:00,0.5624223180738693,L
2027-10-20T09:41:00+12:00,1.6910953614246127,H
2027-10-20T15:33:00+12:00,0.8045529385571438,L
2027-10-20T21:47:00+12:00,1.8485534154218797,H
2027-10-21T04:23:00+12:00,0.5887917393582951,L
2027-10-21T10:41:00+12:00,1.669848060858872,H
2027-10-21T16:34:00+12:00,0.838377688397097,L
2027-10-21T22:46:00+12:00,1.8151503152229038,H
2027-10-22T05:22:00+12:00,0.6143466179812759,L
2027-10-22T11:46:00+12:00,1.6720430620805309,H
2027-10-22T17:40:00+12:00,0.8508775109909115,L
2027-10-22T23:51:00+12:00,1.7960510435124586,H
2027-10-23T06:25:00+12:00,0.6276128634083848,L
2027-10-23T12:52:00+12:00,1.7073028818792306,H
2027-10-23T18:48:00+12:00,0.8329481047923207,L
2027-10-24T00:59:00+12:00,1.7981502261695468,H
2027-10-24T07:28:00+12:00,0.6226335558729393,L
2027-10-24T13:54:00+12:00,1.7728471257362597,H
2027-10-24T19:55:00+12:00,0.7838663094577909,L
2027-10-25T02:05:00+12:00,1.8195370661910668,H
2027-10-25T08:29:00+12:00,0.6025771817573295,L
2027-10-25T14:49:00+12:00,1.8555482586119643,H
2027-10-25T20:58:00+12:00,0.7110843972029973,L
2027-10-26T03:06:00+12:00,1.850354138336081,H
2027-10-26T09:25:00+12:00,0.5784339563082992,L
2027-10-26T15:40:00+12:00,1.939217086860855,H
2027-10-26T21:55:00+12:00,0.6275846023346312,L
2027-10-27T04:03:00+12:00,1.8784957042433075,H
2027-10-27T10:16:00+12:00,0.5623244223231977,L
2027-10-27T16:28:00+12:00,2.0093083762910786,H
2027-10-27T22:49:00+12:00,0.5474050336457261,L
2027-10-28T04:57:00+12:00,1.8946267481509376,H
2027-10-28T11:03:00+12:00,0.5625848509951901,L
2027-10-28T17:13:00+12:00,2.0546772301077105,H
2027-10-28T23:39:00+12:00,0.48290041616457713,L
2027-10-29T05:48:00+12:00,1.8934785465239639,H
2027-10-29T11:49:00+12:00,0.582904388978192,L
2027-10-29T17:58:00+12:00,2.0684844928929733,H
2027-10-30T00:28:00+12:00,0.44341767999283865,L
2027-10-30T06:38:00+12:00,1.8733465511223533,H
2027-10-30T12:35:00+12:00,0.6228834933068872,L
2027-10-30T18:43:00+12:00,2.0490793173799684,H
2027-10-31T01:15:00+12:00,0.4342492786092391,L
2027-10-31T07:27:00+12:00,1.8355540478921875,H
2027-10-31T13:20:00+12:00,0.678698540147209,L
2027-10-31T19:28:00+12:00,2.0003432853057257,H
2027-11-01T02:02:00+12:00,0.4555403936369854,L
2027-11-01T08:16:00+12:00,1.7842645437452909,H
2027-11-01T14:07:00+12:00,0.7439074721637873,L
2027-11-01T20:14:00+12:00,1.9309043154941608,H
2027-11-02T02:49:00+12:00,0.5021752776208184,L
2027-11-02T09:05:00+12:00,1.726288799230483,H
2027-11-02T14:56:00+12:00,0.810594477768902,L
2027-11-02T21:01:00+12:00,1.8519803678939604,H
2027-11-03T03:36:00+12:00,0.5649303397672563,L
2027-11-03T09:55:00+12:00,1.670365022320849,H
2027-11-03T15:47:00+12:00,0.8708038166518495,L
2027-11-03T21:50:00+12:00,1.7746356611994782,H
2027-11-04T04:24:00+12:00,0.6327887865268315,L
2027-11-04T10:48:00+12:00,1.6259682012731507,H
2027-11-04T16:42:00+12:00,0.9177156694116972,L
2027-11-04T22:41:00+12:00,1.707610102477279,H
2027-11-05T05:13:00+12:00,0.6953631035270896,L
2027-11-05T11:43:00+12:00,1.60173907124465,H
2027-11-05T17:39:00+12:00,0.9462287614447693,L
2027-11-05T23:36:00+12:00,1.656622209689469,H
2027-11-06T06:06:00+12:00,0.7445865811920528,L
2027-11-06T12:40:00+12:00,1.603123915402591,H
2027-11-06T18:38:00+12:00,0.9531537305876314,L
2027-11-07T00:33:00+12:00,1.6247210150914306,H
2027-11-07T07:00:00+12:00,0.7758181775687742,L
2027-11-07T13:35:00+12:00,1.629501310867974,H
2027-11-07T19:36:00+12:00,0.9374817227748334,L
2027-11-08T01:31:00+12:00,1.6123405625928213,H
2027-11-08T07:53:00+12:00,0.7890032956947388,L
2027-11-08T14:24:00+12:00,1.674269023428594,H
2027-11-08T20:30:00+12:00,0.9009776210499069,L
2027-11-09T02:27:00+12:00,1.6166875656336903,H
2027-11-09T08:42:00+12:00,0.7885041731899921,L
2027-11-09T15:06:00+12:00,1.7290602607284211,H
2027-11-09T21:20:00+12:00,0.8476681616157218,L
2027-11-10T03:18:00+12:00,1.632676579001901,H
2027-11-10T09:26:00+12:00,0.7799123585054973,L
2027-11-10T15:45:00+12:00,1.7871753175346141,H
2027-11-10T22:06:00+12:00,0.7823528281393417,L
2027-11-11T04:05:00+12:00,1.6556364177052096,H
2027-11-11T10:07:00+12:00,0.7670408175560679,L
2027-11-11T16:22:00+12:00,1.8440184390547314,H
2027-11-11T22:48:00+12:00,0.7099524499287895,L
2027-11-12T04:49:00+12:00,1.6824703949948279,H
2027-11-12T10:45:00+12:00,0.7520475284919441,L
2027-11-12T16:58:00+12:00,1.8959669733033793,H
2027-11-12T23:29:00+12:00,0.6360502502954043,L
2027-11-13T05:31:00+12:00,1.7107488499376942,H
2027-11-13T11:24:00+12:00,0.7372380286655874,L
2027-11-13T17:35:00+12:00,1.939173949808402,H
2027-11-14T00:10:00+12:00,0.567439038800564,L
2027-11-14T06:14:00+12:00,1.7374309366786795,H
2027-11-14T12:04:00+12:00,0.7263093601204408,L
2027-11-14T18:15:00+12:00,1.9693567303766186,H
2027-11-15T00:52:00+12:00,0.5118091043726598,L
2027-11-15T06:58:00+12:00,1.758611710710037,H
2027-11-15T12:46:00+12:00,0.7239657597259282,L
2027-11-15T18:59:00+12:00,1.98275122250387,H
2027-11-16T01:36:00+12:00,0.4761624976234965,L
2027-11-16T07:45:00+12:00,1.770959270296494,H
2027-11-16T13:33:00+12:00,0.7337880751930138,L
2027-11-16T19:46:00+12:00,1.9777294722308278,H
2027-11-17T02:24:00+12:00,0.4644585747693841,L
2027-11-17T08:35:00+12:00,1.7740470158125285,H
2027-11-17T14:24:00+12:00,0.7553954420718179,L
2027-11-17T20:38:00+12:00,1.9558663416902906,H
2027-11-18T03:14:00+12:00,0.4758779634309639,L
2027-11-18T09:30:00+12:00,1.7721764275160332,H
2027-11-18T15:21:00+12:00,0.7824998183551173,L
2027-11-18T21:33:00+12:00,1.9217316414071166,H
2027-11-19T04:08:00+12:00,0.5048553624081418,L
2027-11-19T10:28:00+12:00,1.773837561744948,H
2027-11-19T16:24:00+12:00,0.8039690405863702,L
2027-11-19T22:32:00+12:00,1.881467144672908,H
2027-11-20T05:04:00+12:00,0.5430069977612245,L
2027-11-20T11:29:00+12:00,1.7882880221877056,H
2027-11-20T17:29:00+12:00,0.8089573113814574,L
2027-11-20T23:34:00+12:00,1.8414571924418777,H
2027-11-21T06:02:00+12:00,0.5818991115797988,L
2027-11-21T12:30:00+12:00,1.8206694526032146,H
2027-11-21T18:35:00+12:00,0.7917339056660224,L
2027-11-22T00:39:00+12:00,1.807838923203606,H
2027-11-22T07:02:00+12:00,0.6152594154576713,L
2027-11-22T13:29:00+12:00,1.8686349118079075,H
2027-11-22T19:40:00+12:00,0.7523646356173013,L
2027-11-23T01:45:00+12:00,1.785736918074024,H
2027-11-23T08:01:00+12:00,0.6405223916746998,L
2027-11-23T14:25:00+12:00,1.9230738402367624,H
2027-11-23T20:42:00+12:00,0.6959542451447334,L
2027-11-24T02:49:00+12:00,1.7766180719969702,H
2027-11-24T08:57:00+12:00,0.659260961048098,L
2027-11-24T15:16:00+12:00,1.9725801056628551,H
2027-11-24T21:41:00+12:00,0.6314274730773521,L
2027-11-25T03:49:00+12:00,1.7768527565119387,H
2027-11-25T09:50:00+12:00,0.6752943968575246,L
2027-11-25T16:04:00+12:00,2.007854986364519,H
2027-11-25T22:35:00+12:00,0.5690619081816375,L
2027-11-26T04:45:00+12:00,1.7804989162393638,H
2027-11-26T10:40:00+12:00,0.6921377546915642,L
2027-11-26T16:50:00+12:00,2.023552120754142,H
2027-11-26T23:26:00+12:00,0.5182623199140902,L
2027-11-27T05:37:00+12:00,1.7821869149741993,H
2027-11-27T11:28:00+12:00,0.7122039014362995,L
2027-11-27T17:36:00+12:00,2.0182127284292957,H
2027-11-28T00:14:00+12:00,0.48617868162636646,L
2027-11-28T06:26:00+12:00,1.7780210851513127,H
2027-11-28T12:14:00+12:00,0.7371555030422959,L
2027-11-28T18:21:00+12:00,1.9934623282502009,H
2027-11-29T01:00:00+12:00,0.47685393886537053,L
2027-11-29T07:13:00+12:00,1.7657603911143132,H
2027-11-29T12:59:00+12:00,0.7680397120434427,L
2027-11-29T19:05:00+12:00,1.9531787657897848,H
2027-11-30T01:44:00+12:00,0.4906642201207778,L
2027-11-30T07:58:00+12:00,1.7452731124392242,H
2027-11-30T13:44:00+12:00,0.8047423647647675,L
2027-11-30T19:50:00+12:00,1.902469313165855,H
2027-12-01T02:27:00+12:00,0.5243022519976999,L
2027-12-01T08:42:00+12:00,1.7189400338664824,H
2027-12-01T14:30:00+12:00,0.8453751683045232,L
2027-12-01T20:34:00+12:00,1.8465459613872999,H
2027-12-02T03:08:00+12:00,0.5717227670834288,L
2027-12-02T09:26:00+12:00,1.691403105601666,H
2027-12-02T15:17:00+12:00,0.8861949631738879,L
2027-12-02T21:19:00+12:00,1.7896337526286854,H
2027-12-03T03:50:00+12:00,0.6259506723334606,L
2027-12-03T10:11:00+12:00,1.6685055525690848,H
2027-12-03T16:06:00+12:00,0.9220923060389457,L
2027-12-03T22:04:00+12:00,1.7344302580690791,H
2027-12-04T04:33:00+12:00,0.6808432887182645,L
2027-12-04T10:59:00+12:00,1.655973587042858,H
2027-12-04T16:58:00+12:00,0.9473407252760867,L
2027-12-04T22:51:00+12:00,1.6825941131971662,H
2027-12-05T05:17:00+12:00,0.7318270772918202,L
2027-12-05T11:49:00+12:00,1.6582122281978868,H
2027-12-05T17:52:00+12:00,0.9566024437903746,L
2027-12-05T23:41:00+12:00,1.636188378423665,H
2027-12-06T06:03:00+12:00,0.7755458332204836,L
2027-12-06T12:40:00+12:00,1.6771615861097429,H
2027-12-06T18:47:00+12:00,0.9460615136877168,L
2027-12-07T00:36:00+12:00,1.599140203559196,H
2027-12-07T06:52:00+12:00,0.8091268476419353,L
2027-12-07T13:29:00+12:00,1.7114071830245496,H
2027-12-07T19:42:00+12:00,0.9142902898096477,L
2027-12-08T01:34:00+12:00,1.577061046645613,H
2027-12-08T07:41:00+12:00,0.8300678665271319,L
2027-12-08T14:15:00+12:00,1.757005732626637,H
2027-12-08T20:35:00+12:00,0.8625475900294224,L
2027-12-09T02:31:00+12:00,1.5745164307977264,H
2027-12-09T08:30:00+12:00,0.8367303645775584,L
2027-12-09T14:58:00+12:00,1.809721265590781,H
2027-12-09T21:25:00+12:00,0.7943234824007832,L
2027-12-10T03:26:00+12:00,1.5920567161880599,H
2027-12-10T09:18:00+12:00,0.8289083653835756,L
2027-12-10T15:39:00+12:00,1.866122897087951,H
2027-12-10T22:13:00+12:00,0.7146173001420059,L
2027-12-11T04:17:00+12:00,1.6267985464009915,H
2027-12-11T10:04:00+12:00,0.8082532089741716,L
2027-12-11T16:21:00+12:00,1.9229672583619566,H
2027-12-11T23:00:00+12:00,0.629627552333804,L
2027-12-12T05:05:00+12:00,1.6742059081536238,H
2027-12-12T10:51:00+12:00,0.7787495990448753,L
2027-12-12T17:04:00+12:00,1.976200992457748,H
2027-12-12T23:46:00+12:00,0.5468303757353504,L
2027-12-13T05:52:00+12:00,1.7284972129414555,H
2027-12-13T11:37:00+12:00,0.7468622855340512,L
2027-12-13T17:50:00+12:00,2.0207012911244937,H
2027-12-14T00:32:00+12:00,0.4748519581982913,L
2027-12-14T06:40:00+12:00,1.7828959949140972,H
2027-12-14T12:26:00+12:00,0.7204126134802429,L
2027-12-14T18:39:00+12:00,2.0508491442973997,H
2027-12-15T01:19:00+12:00,0.4224740882983835,L
2027-12-15T07:29:00+12:00,1.8307542569474986,H
2027-12-15T13:17:00+12:00,0.7061166227016533,L
2027-12-15T19:30:00+12:00,2.061603183376667,H
2027-12-16T02:08:00+12:00,0.39681498636261003,L
2027-12-16T08:20:00+12:00,1.867400891059718,H
2027-12-16T14:11:00+12:00,0.7065991736215728,L
2027-12-16T20:23:00+12:00,2.049468261371228,H
2027-12-17T02:58:00+12:00,0.40147763460099195,L
2027-12-17T09:13:00+12:00,1.8915435681693427,H
2027-12-17T15:08:00+12:00,0.7186928515488439,L
2027-12-17T21:18:00+12:00,2.0134080348426573,H
2027-12-18T03:49:00+12:00,0.4353550121634735,L
2027-12-18T10:07:00+12:00,1.90546027758761,H
2027-12-18T16:09:00+12:00,0.7344718136738663,L
2027-12-18T22:15:00+12:00,1.9558121095551184,H
2027-12-19T04:41:00+12:00,0.49275290971350083,L
2027-12-19T11:04:00+12:00,1.9138464788814011,H
2027-12-19T17:12:00+12:00,0.7450370874621539,L
2027-12-19T23:14:00+12:00,1.883466410116198,H
2027-12-20T05:35:00+12:00,0.5644783245128302,L
2027-12-20T12:02:00+12:00,1.92176346014584,H
2027-12-20T18:16:00+12:00,0.7439824437055488,L
2027-12-21T00:17:00+12:00,1.80797680985454,H
2027-12-21T06:32:00+12:00,0.6393681334615796,L
2027-12-21T13:00:00+12:00,1.9324312896248408,H
2027-12-21T19:20:00+12:00,0.7284645007241395,L
2027-12-22T01:24:00+12:00,1.7442059579203046,H
2027-12-22T07:31:00+12:00,0.7062742742121083,L
2027-12-22T13:57:00+12:00,1.9455070263325893,H
2027-12-22T20:23:00+12:00,0.6990802174447116,L
2027-12-23T02:32:00+12:00,1.7044272365361068,H
2027-12-23T08:30:00+12:00,0.75673001356403,L
2027-12-23T14:52:00+12:00,1.9575908136568552,H
2027-12-23T21:24:00+12:00,0.6597794801664058,L
2027-12-24T03:36:00+12:00,1.6904630368933005,H
2027-12-24T09:27:00+12:00,0.7878214429556353,L
2027-12-24T15:43:00+12:00,1.9649156412679845,H
2027-12-24T22:21:00+12:00,0.6171667124827387,L
2027-12-25T04:34:00+12:00,1.6947781086036104,H
2027-12-25T10:21:00+12:00,0.8024297323006545,L
2027-12-25T16:32:00+12:00,1.9655542554448884,H
2027-12-25T23:14:00+12:00,0.57876169463044,L
2027-12-26T05:27:00+12:00,1.7079823334146096,H
2027-12-26T11:11:00+12:00,0.8068892206336072,L
2027-12-26T17:18:00+12:00,1.9593128828069664,H
2027-12-27T00:01:00+12:00,0.550880134802654,L
2027-12-27T06:13:00+12:00,1.7228269796672884,H
2027-12-27T11:57:00+12:00,0.8084520659250453,L
2027-12-27T18:03:00+12:00,1.9464906494635832,H
2027-12-28T00:45:00+12:00,0.5374543023223821,L
2027-12-28T06:57:00+12:00,1.7347004453483894,H
2027-12-28T12:41:00+12:00,0.81348749499396,L
2027-12-28T18:46:00+12:00,1.9270477528343948,H
2027-12-29T01:26:00+12:00,0.539886361789772,L
2027-12-29T07:37:00+12:00,1.7412123525214278,H
2027-12-29T13:23:00+12:00,0.8259955196447126,L
2027-12-29T19:28:00+12:00,1.9005476682463351,H
2027-12-30T02:04:00+12:00,0.557387639261347,L
2027-12-30T08:16:00+12:00,1.741991328217508,H
2027-12-30T14:05:00+12:00,0.8466360772968331,L
2027-12-30T20:09:00+12:00,1.866622019082714,H
2027-12-31T02:41:00+12:00,0.58757279149786,L
2027-12-31T08:55:00+12:00,1.7384441925290257,H
2027-12-31T14:47:00+12:00,0.8727757334363695,L
2027-12-31T20:49:00+12:00,1.8252641953092454,H
2028-01-01T03:17:00+12:00,0.627288358255935,L
2028-01-01T09:34:00+12:00,1.7330075908746607,H
2028-01-01T15:31:00+12:00,0.8995382572838839,L
2028-01-01T21:29:00+12:00,1.7768829321405843,H
2028-01-02T03:54:00+12:00,0.6735092218000721,L
2028-01-02T10:15:00+12:00,1.7283667300529773,H
